dob,firstName,height,playerId,lastName,nickname,positionGroupType
1997-02-05,Patrick,167.0,29,Roberts,Patrick Roberts,RW
1989-08-16,Moussa,187.0,79,Sissoko,Moussa Sissoko,CM
2000-11-23,Jack,181.0,87,Clarke,Jack Clarke,LW
1997-11-10,Daniel,171.0,137,James,Daniel James,RW
1999-12-04,Tahith,185.0,139,Chong,Tahith Chong,RW
1995-01-20,Calum,182.0,155,Chambers,Calum Chambers,RCB
1993-08-12,Will,195.0,229,Norris,Will Norris,GK
1996-04-07,Josh,175.0,270,Cullen,Josh Cullen,DM
1991-04-19,Steve,185.0,285,Cook,Steve Cook,RCB
1996-04-06,Jack,180.0,293,Stacey,Jack Stacey,RB
1997-03-04,Freddie,188.0,316,Woodman,Freddie Woodman,GK
1990-10-08,Karl,190.0,317,Darlow,Karl Darlow,GK
1989-09-10,Matt,173.0,326,Ritchie,Matt Ritchie,RM
1989-10-24,Jack,177.0,334,Colback,Jack Colback,DM
1997-01-18,Dan,184.0,338,Barlaser,Dan Barlaser,DM
1996-01-22,Angus,196.0,381,Gunn,Angus Gunn,GK
1999-02-22,Yan,185.0,391,Valery,Yan Valery,RB
1994-07-09,Daniel,191.0,408,Bachmann,Daniel Bachmann,GK
1999-11-04,Ben,188.0,412,Wilmot,Ben Wilmot,RCB
1999-09-17,Tom,178.0,424,Dele-Bashiru,Tom Dele-Bashiru,CM
1992-01-01,Shane,193.0,440,Duffy,Shane Duffy,RCB
1991-07-16,Andros,181.0,481,Townsend,Andros Townsend,RW
1993-01-15,Ben,185.0,491,Gibson,Ben Gibson,LCB
1995-12-19,Josh,179.0,500,Brownhill,Josh Brownhill,CM
1992-01-14,Robbie,176.0,501,Brady,Robbie Brady,LM
1989-07-29,Jay,185.0,507,Rodríguez,Jay Rodríguez,CF
1990-05-19,Simon,191.0,511,Moore,Simon Moore,GK
1993-09-01,Jack,180.0,521,Robinson,Jack Robinson,LCB
1994-08-05,Ben,176.0,529,Osborn,Ben Osborn,CM
1995-02-02,Callum,178.0,532,Robinson,Callum Robinson,CF
1991-11-20,Grant,188.0,545,Hanley,Grant Hanley,RCB
1993-09-16,Sam,183.0,551,Byram,Sam Byram,LB
1992-01-08,Kenny,180.0,555,McLean,Kenny McLean,CM
1995-12-16,Carlton,185.0,567,Morris,Carlton Morris,CF
2001-02-11,Adam,190.0,572,Idah,Adam Idah,CF
2000-09-07,Jeremy,184.0,577,Ngakia,Jeremy Ngakia,RB
1999-03-18,Lukas,198.0,584,Jensen,Lukas Jensen,GK
1997-10-19,Jimmy,191.0,585,Dunne,Jimmy Dunne,RCB
2001-01-30,Bobby,186.0,586,Thomas,Bobby Thomas,RCB
2002-04-06,Dennis,182.0,602,Cirkin,Dennis Cirkin,LB
2002-10-23,Kaine,175.0,607,Kesler,Kaine Kesler,RB
1998-08-12,Auston,190.0,676,Trusty,Auston Trusty,LCB
2001-11-16,Aidan,175.0,718,Morris,Aidan Morris,CM
2001-09-02,Luis,190.0,889,Binks,Luis Binks,LCB
2000-10-22,Brenden,177.0,1067,Aaronson,Brenden Aaronson,AM
2001-02-21,Borja,174.0,1495,Sainz,Borja Sainz,LW
1996-08-22,Junior,184.0,1514,Firpo,Junior Firpo,LB
1999-08-06,Jayson,176.0,1919,Molumby,Jayson Molumby,CM
1997-05-11,Max,175.0,1928,Lowe,Max Lowe,LB
2000-07-27,Jayden,178.0,1929,Bogle,Jayden Bogle,RB
2000-09-14,Ethan,182.0,1931,Ampadu,Ethan Ampadu,DM
2000-04-01,Rhian,180.0,1959,Brewster,Rhian Brewster,CF
1993-09-17,Joe,170.0,1972,Bryan,Joe Bryan,LB
2000-03-02,Illan,198.0,1993,Meslier,Illan Meslier,GK
1999-08-11,Pascal,190.0,1998,Struijk,Pascal Struijk,LCB
1991-08-25,Luke,183.0,2004,Ayling,Luke Ayling,RB
1996-06-30,Conor,191.0,2007,Shaughnessy,Conor Shaughnessy,RCB
1991-10-08,Adam,175.0,2008,Forshaw,Adam Forshaw,CM
1993-09-05,Patrick,185.0,2020,Bamford,Patrick Bamford,CF
2002-05-04,Joe,179.0,2022,Gelhardt,Joe Gelhardt,CF
1993-05-19,Jonathan,193.0,2026,Bond,Jonathan Bond,GK
1993-11-09,Semi,193.0,2027,Ajayi,Semi Ajayi,RCB
1991-05-22,Kyle,194.0,2029,Bartley,Kyle Bartley,RCB
1999-03-04,Dara,189.0,2031,O'Shea,Dara O'Shea,RCB
1995-10-31,Darnell,183.0,2034,Furlong,Darnell Furlong,RB
1998-05-08,Sam,191.0,2039,Field,Sam Field,DM
1997-09-18,Karlan,183.0,2078,Grant,Karlan Grant,CF
1997-10-22,Joe,193.0,2083,Rodon,Joe Rodon,RCB
1998-12-27,Josh,181.0,2131,Maja,Josh Maja,CF
2003-01-14,Caleb,188.0,3093,Taylor,Caleb Taylor,RCB
2001-12-30,Taylor,188.0,3094,Gardner-Hickman,Taylor Gardner-Hickman,CM
2002-04-28,Femi,183.0,3196,Seriki,Femi Seriki,RB
2000-12-06,Anthony,182.0,3904,Musaba,Anthony Musaba,RW
2001-12-23,Stefan,188.0,4082,Bajic,Stefan Bajic,GK
2002-07-15,Adil,181.0,4099,Aouchiche,Adil Aouchiche,AM
1994-05-18,Paul,188.0,4338,Nardi,Paul Nardi,GK
2001-01-01,Yasser,176.0,4371,Larouci,Yasser Larouci,LB
2001-09-09,Jonathan,190.0,4512,Varane,Jonathan Varane,CM
2002-05-26,Maxime,193.0,4519,Esteve,Maxime Esteve,LCB
2002-04-20,Georginio,182.0,4886,Rutter,Georginio Rutter,CF
1992-08-07,Wout,197.0,5009,Weghorst,Wout Weghorst,CF
2002-07-15,Fally,193.0,5014,Mayulu,Fally Mayulu,CF
1998-04-08,Shandon,180.0,5067,Baptiste,Shandon Baptiste,CM
1997-09-22,Jake,188.0,5084,Clarke-Salter,Jake Clarke-Salter,LCB
1995-04-25,Lewis,182.0,5087,Baker,Lewis Baker,CM
1998-03-03,Jacob Lungi,184.0,5104,Sörensen,Jacob Lungi Sörensen,DM
2001-10-08,Bali,168.0,5105,Mumba,Bali Mumba,RB
1998-03-23,Przemyslaw,178.0,5110,Placheta,Przemyslaw Placheta,LW
1997-05-06,Francisco,192.0,5118,Sierralta,Francisco Sierralta,RCB
2001-09-28,Mattie,190.0,5119,Pollock,Mattie Pollock,RCB
1999-05-01,Imrân,178.0,5121,Louza,Imrân Louza,CM
1993-09-30,Ken,180.0,5125,Sema,Ken Sema,LW
2003-01-27,Kwadwo,182.0,5126,Baah,Kwadwo Baah,LW
2000-02-20,Josh,185.0,5135,Sargent,Josh Sargent,CF
2002-04-30,Teden,186.0,5151,Mengi,Teden Mengi,RCB
2002-01-26,Sam,180.0,5161,Greenwood,Sam Greenwood,AM
1996-01-18,Ivo,195.0,5199,Grbic,Ivo Grbic,GK
2002-05-10,Haydon,184.0,5214,Roberts,Haydon Roberts,LB
1995-09-23,Connor,175.0,6018,Roberts,Connor Roberts,RB
2001-01-05,Ellis Reco,191.0,6054,Simms,Ellis Reco Simms,CF
2002-10-10,James,197.0,6056,Trafford,James Trafford,GK
2001-08-20,Dilan,167.0,6087,Markanday,Dilan Markanday,RW
2003-01-03,Lewis,175.0,6571,Dobbin,Lewis Dobbin,LW
2001-11-23,James,183.0,6807,Morris,James Morris,LB
2001-01-17,Aji,192.0,6836,Alese,Aji Alese,LCB
1995-02-13,Alex,177.0,6899,Mowatt,Alex Mowatt,CM
2003-07-25,Tom,183.0,6901,Fellows,Tom Fellows,RM
2000-03-12,Thomas,189.0,6907,Holmes,Thomas Holmes,RCB
1995-05-06,Josh,188.0,6908,Laurent,Josh Laurent,CM
1994-11-23,Timothy,193.0,6919,Dieng,Timothy Dieng,GK
1996-03-03,Robert,191.0,6921,Dickie,Robert Dickie,RCB
1999-05-02,Andre,178.0,6922,Dozzell,Andre Dozzell,CM
1998-01-31,Chris,178.0,6924,Willock,Chris Willock,LW
1993-04-12,Jordan,190.0,6928,Archer,Jordan Archer,GK
1992-07-17,Adam,185.0,6930,Davies,Adam Davies,GK
1990-09-21,Danny,191.0,6931,Batth,Danny Batth,RCB
1999-05-22,Josh,180.0,6933,Tymon,Josh Tymon,LB
1992-01-30,Tom,178.0,6940,Ince,Tom Ince,RW
1999-12-21,Alfie,183.0,6943,Doughty,Alfie Doughty,LM
1995-02-03,Jake,199.0,6947,Cooper,Jake Cooper,LCB
1990-11-23,Shaun,188.0,6949,Hutchinson,Shaun Hutchinson,RCB
1998-12-27,Dan,180.0,6954,McNamara,Dan McNamara,RB
1992-07-27,Tom,178.0,6955,Bradshaw,Tom Bradshaw,CF
1993-06-01,George,176.0,6959,Saville,George Saville,CM
1993-11-05,George,,6962,Long,George Long,GK
1994-08-04,Kristian,189.0,6965,Pedersen,Kristian Pedersen,LB
1998-11-02,Riley,178.0,6967,McGree,Riley McGree,CM
1996-10-27,Anfernee,183.0,6981,Dijksteel,Anfernee Dijksteel,RB
1988-05-21,Jonathan,180.0,6984,Howson,Jonathan Howson,CM
1999-06-26,Isaiah,176.0,6985,Jones,Isaiah Jones,RW
1994-03-08,Duncan,175.0,6986,Watmore,Duncan Watmore,RW
1994-07-21,Jamal,183.0,6998,Lowe,Jamal Lowe,CF
1995-06-09,Ethan,195.0,7015,Horvath,Ethan Horvath,GK
1996-11-13,Sean,191.0,7017,McLoughlin,Sean McLoughlin,LCB
2000-10-14,Di'Shon,188.0,7019,Bernard,Di'Shon Bernard,RCB
1994-09-08,George,173.0,7022,Honeyman,George Honeyman,AM
1995-01-27,Callum,180.0,7028,Elder,Callum Elder,LB
1993-12-18,Matt,191.0,7033,Ingram,Matt Ingram,GK
1998-03-12,Callum,179.0,7038,Brittain,Callum Brittain,RB
1995-05-10,Devante,184.0,7041,Cole,Devante Cole,CF
1996-09-22,Matthew,185.0,7048,Clarke,Matthew Clarke,LCB
1999-10-22,Jordan,179.0,7049,Williams,Jordan Williams,RB
1995-06-23,John,182.0,7098,Swift,John Swift,CM
2000-09-18,Max,183.0,7104,Bird,Max Bird,DM
1989-02-24,Craig,189.0,7108,Forsyth,Craig Forsyth,LB
2001-02-13,Jason,173.0,7111,Knight,Jason Knight,AM
2002-04-29,Liam,,7117,Thompson,Liam Thompson,DM
1999-12-03,Brandon,174.0,7137,Fleming,Brandon Fleming,LB
1999-09-11,Tyrese,185.0,7167,Fornah,Tyrese Fornah,CM
1994-11-06,Duane,173.0,7177,Holmes,Duane Holmes,AM
1996-10-10,Max,189.0,7185,O'Leary,Max O'Leary,GK
1997-05-14,Zak,187.0,7187,Vyner,Zak Vyner,RCB
1998-01-22,Cameron,185.0,7188,Pring,Cameron Pring,LB
1999-11-16,George,181.0,7189,Tanner,George Tanner,RB
1995-04-23,Callum,180.0,7193,O'Dowda,Callum O'Dowda,LM
1991-08-05,Andreas,179.0,7194,Weimann,Andreas Weimann,AM
2001-07-07,Han-Noah,178.0,7197,Massengo,Han-Noah Massengo,DM
1998-04-22,Jay,170.0,7199,Dasilva,Jay Dasilva,LB
1990-06-01,Nahki,170.0,7200,Wells,Nahki Wells,CF
1995-10-07,Lyndon,188.0,7204,Dykes,Lyndon Dykes,CF
2001-11-09,Eiran,184.0,7226,Cashin,Eiran Cashin,LCB
2001-09-13,Louie,183.0,7228,Sibley,Louie Sibley,CM
2002-01-15,Pierre,189.0,7231,Ekwah,Pierre Ekwah,DM
2002-12-16,Liam,178.0,7232,Gibbs,Liam Gibbs,CM
1998-06-03,Edo,183.0,7239,Kayembe,Edo Kayembe,DM
1991-06-16,James,185.0,7243,Shea,James Shea,GK
1992-02-18,Kal,186.0,7244,Naismith,Kal Naismith,RCB
1991-09-13,Sonny,193.0,7245,Bradley,Sonny Bradley,LCB
1994-03-22,Pelly-Ruddock,175.0,7248,Mpanzu,Pelly-Ruddock Mpanzu,DM
1994-05-05,Amari'i,180.0,7249,Bell,Amari'i Bell,LB
1998-01-07,Elijah,193.0,7250,Adebayo,Elijah Adebayo,CF
2000-01-26,Ryan,183.0,7265,Giles,Ryan Giles,LB
2005-09-23,Jobe,188.0,7306,Bellingham,Jobe Bellingham,AM
1999-09-11,Regan,171.0,7307,Slater,Regan Slater,CM
1992-06-05,Andrew,188.0,7310,Hughes,Andrew Hughes,LCB
1995-04-15,Alan,179.0,7312,Browne,Alan Browne,CM
1996-06-17,Benjamin,185.0,7313,Whiteman,Benjamin Whiteman,CM
1992-10-08,Daniel,174.0,7314,Johnson,Daniel Johnson,AM
1993-07-04,Tom,175.0,7315,Barkhuizen,Tom Barkhuizen,LW
1994-07-03,Brad,188.0,7316,Potts,Brad Potts,RB
1998-06-24,Emil,190.0,7318,Riis,Emil Riis,CF
1995-10-12,Liam,191.0,7320,Lindsay,Liam Lindsay,RCB
1992-10-23,Thomas,190.0,7328,Kaminski,Thomas Kaminski,GK
1999-10-13,John,173.0,7331,Buckley,John Buckley,CM
1995-01-11,Joe,185.0,7332,Rothwell,Joe Rothwell,CM
1999-07-26,Joe,183.0,7334,Rankin-Costello,Joe Rankin-Costello,RB
1998-04-23,Aynsley,185.0,7342,Pears,Aynsley Pears,GK
1997-04-21,Andy,175.0,7344,Rinomhota,Andy Rinomhota,CM
1999-08-15,Peter,183.0,7349,Kioso,Peter Kioso,RB
2002-04-01,Joe,193.0,7395,Walsh,Joe Walsh,GK
1988-11-17,Kyle,181.0,7397,Naughton,Kyle Naughton,RB
2000-05-30,Ben,186.0,7399,Cabango,Ben Cabango,RCB
1995-07-15,Matt,178.0,7400,Grimes,Matt Grimes,DM
2000-01-06,Joel,180.0,7402,Latibeaudiere,Joel Latibeaudiere,RCB
1999-08-02,Joël,185.0,7403,Piroe,Joël Piroe,CF
1994-04-01,Jay,185.0,7405,Fulton,Jay Fulton,CM
2002-12-09,Azeem,,7406,Abdulai,Azeem Abdulai,DM
1997-01-03,Jordan,180.0,7412,Thompson,Jordan Thompson,CM
1988-04-04,Frank,185.0,7413,Fielding,Frank Fielding,GK
1996-11-24,Jordan,181.0,7415,Thorniley,Jordan Thorniley,LCB
2003-09-04,Malcolm,185.0,7420,Ebiowei,Malcolm Ebiowei,RW
1996-06-24,Perry,180.0,7425,Ng,Perry Ng,RB
1993-10-12,Joe,178.0,7426,Ralls,Joe Ralls,CM
1993-09-13,Will,180.0,7428,Vaulks,Will Vaulks,DM
2001-09-03,Joel,188.0,7431,Bagan,Joel Bagan,LB
1991-03-25,Marlon,188.0,7432,Pack,Marlon Pack,CM
1990-12-01,James,188.0,7433,Collins,James Collins,CF
1998-11-07,Delano,186.0,7439,Burgzorg,Delano Burgzorg,LW
1999-03-26,Anel,190.0,7578,Ahmedhodzic,Anel Ahmedhodzic,RCB
1997-10-07,Alfie,191.0,7594,Jones,Alfie Jones,RCB
1995-10-15,Lewie,173.0,7595,Coyle,Lewie Coyle,RB
1997-08-19,Ryan,178.0,7599,Ledson,Ryan Ledson,CM
2003-06-17,Finley,196.0,7601,Burns,Finley Burns,RCB
1997-10-16,Lewis,183.0,7602,Travis,Lewis Travis,DM
1997-12-04,Ryan,183.0,7603,Nyambe,Ryan Nyambe,RB
1995-07-08,Ryan,185.0,7604,Hedges,Ryan Hedges,RW
1991-03-28,David,186.0,7615,Cornell,David Cornell,GK
2002-01-12,Harrison,180.0,7632,Burrows,Harrison Burrows,LB
1995-09-24,Sammie,168.0,7633,Szmodics,Sammie Szmodics,AM
2002-11-18,Joe,,7640,Taylor,Joe Taylor,CF
1996-08-10,Alex,191.0,7643,Palmer,Alex Palmer,GK
2002-05-23,Sam,,7646,Bell,Sam Bell,LW
1997-09-02,Jordan,188.0,7651,Storey,Jordan Storey,RCB
1994-12-02,Cauley,184.0,7658,Woodrow,Cauley Woodrow,CF
1996-02-11,Yakou,185.0,7686,Meite,Yakou Meite,LW
1992-08-09,Ben,186.0,7687,Wilson,Ben Wilson,GK
1995-12-20,Dominic,188.0,7688,Hyam,Dominic Hyam,RCB
1993-03-21,Jake,183.0,7691,Bidwell,Jake Bidwell,LB
1997-06-24,Gustavo,169.0,7696,Hamer,Gustavo Hamer,CM
1995-01-29,Jamie,180.0,7698,Allen,Jamie Allen,CM
2000-04-06,Josh,181.0,7700,Eccles,Josh Eccles,CM
1998-05-01,Callum,173.0,7702,O'Hare,Callum O'Hare,AM
2001-01-22,Fabio,178.0,7707,Tavares,Fabio Tavares,CF
1998-12-29,Harry,173.0,7710,Pickering,Harry Pickering,LB
2001-12-28,Tyrhys,170.0,7711,Dolan,Tyrhys Dolan,RW
1998-12-29,Mark,182.0,7714,Harris,Mark Harris,CF
2000-09-28,Zak,189.0,7729,Swanson,Zak Swanson,RB
2002-12-06,Josh,193.0,7766,Coburn,Josh Coburn,CF
2003-07-21,Abu,183.0,7801,Kamara,Abu Kamara,RW
2003-09-10,Djeidi,177.0,7851,Gassama,Djeidi Gassama,LW
1999-08-29,Giorgi,183.0,7914,Chakvetadze,Giorgi Chakvetadze,AM
1993-05-21,Curtis,183.0,7954,Nelson,Curtis Nelson,RCB
2002-04-27,Rubin,189.0,7955,Colwill,Rubin Colwill,AM
2002-05-06,Rohan,,7956,Luthra,Rohan Luthra,GK
2001-04-28,Nathanael,184.0,7963,Ogbeta,Nathanael Ogbeta,LB
1992-08-08,Kieffer,196.0,7966,Moore,Kieffer Moore,CF
1990-12-26,Aaron,178.0,8062,Ramsey,Aaron Ramsey,CM
1998-02-04,Maximilian,188.0,8093,Wober,Maximilian Wober,LCB
2000-07-25,Ousmane,189.0,8104,Diakite,Ousmane Diakite,DM
2001-03-03,Jack,185.0,8149,Vale,Jack Vale,CF
1992-05-24,Ryan,185.0,8151,Leonard,Ryan Leonard,CM
1997-12-17,Bambo,188.0,8171,Diaby,Bambo Diaby,RCB
2005-09-19,Emre,182.0,8175,Tezgel,Emre Tezgel,CF
1996-12-08,Joe,185.0,8182,Williams,Joe Williams,CM
2004-01-08,Oliver,180.0,8201,Arblaster,Oliver Arblaster,CM
2003-02-11,Mo,196.0,8222,Faal,Mo Faal,CF
1996-11-09,Kasey,182.0,8225,Palmer,Kasey Palmer,AM
1998-01-14,Ciaron,185.0,8231,Brown,Ciaron Brown,LB
2002-05-06,Ryley,187.0,8232,Towler,Ryley Towler,LCB
1999-04-23,Liam,178.0,8237,Cullen,Liam Cullen,CF
1999-12-17,Hayden,188.0,8255,Carter,Hayden Carter,RCB
2001-01-07,Morgan,183.0,8256,Whittaker,Morgan Whittaker,RW
1998-10-22,Harry,198.0,8257,Souttar,Harry Souttar,RCB
2004-07-02,Aidan,,8272,Francis-Clarke,Aidan Francis-Clarke,M
2002-05-10,Christian,184.0,8288,Saydee,Christian Saydee,CF
2002-12-17,William,,8293,Jarvis,William Jarvis,F
1999-12-14,Oliver,176.0,8307,Cooper,Oliver Cooper,AM
1998-12-31,Anthony,189.0,8386,Racioppi,Anthony Racioppi,GK
1993-11-11,Christian,185.0,8400,Fassnacht,Christian Fassnacht,RW
1998-02-21,Wilfried,189.0,8408,Kanga,Wilfried Kanga,CF
2001-01-01,Elijah,,8606,Dixon-Bonner,Elijah Dixon-Bonner,CM
1997-09-11,Marvin,174.0,8825,Mehlem,Marvin Mehlem,AM
1998-06-14,Svante,189.0,9032,Ingelsson,Svante Ingelsson,AM
2000-03-11,Kane,178.0,9225,Wilson,Kane Wilson,RB
1997-08-04,Mark,182.0,9226,Sykes,Mark Sykes,RM
1999-09-20,Luke,193.0,9227,McNally,Luke McNally,RCB
1999-07-14,Scott,174.0,9230,Twine,Scott Twine,AM
1993-06-17,Jak,187.0,9231,Alnwick,Jak Alnwick,GK
1996-01-15,Ebou,178.0,9233,Adams,Ebou Adams,CM
1996-01-31,Gavin,170.0,9234,Whyte,Gavin Whyte,RW
2002-05-13,Ollie,177.0,9235,Tanner,Ollie Tanner,RW
2003-10-03,Callum,190.0,9236,Doyle,Callum Doyle,LCB
2001-06-14,Jack,185.0,9242,Rudoni,Jack Rudoni,CM
1996-12-29,Oscar,182.0,9246,Estupinan,Oscar Estupinan,CF
1994-11-21,Liam,195.0,9249,Roberts,Liam Roberts,GK
1997-06-24,Kenneth,174.0,9258,Paal,Kenneth Paal,LB
1998-09-14,Viktor,187.0,9265,Johansson,Viktor Johansson,GK
1995-12-01,Josh,193.0,9266,Vickers,Josh Vickers,GK
1996-10-20,Wes,181.0,9274,Harding,Wes Harding,RCB
1997-05-01,Chiedozie,181.0,9280,Ogbene,Chiedozie Ogbene,RW
2000-12-25,Ismaila,183.0,9285,Coulibaly,Ismaila Coulibaly,CM
2000-05-10,Anthony,189.0,9288,Patterson,Anthony Patterson,GK
2002-03-18,Trai,180.0,9291,Hume,Trai Hume,RB
1994-11-21,Luke,174.0,9292,O'Nien,Luke O'Nien,RCB
2001-12-13,Dan,185.0,9294,Neil,Dan Neil,CM
1995-12-24,Lynden,173.0,9300,Gooch,Lynden Gooch,LB
1999-08-08,Harry,180.0,9302,Darling,Harry Darling,RCB
1997-01-10,Vakoun Issouf,184.0,9306,Bayo,Vakoun Issouf Bayo,CF
1996-08-19,Jack,184.0,9311,Whatmough,Jack Whatmough,RCB
1990-03-28,Joe,178.0,9315,Bennett,Joe Bennett,LB
1998-09-08,Callum,183.0,9325,Lang,Callum Lang,CF
1993-01-11,Will,188.0,9327,Keane,Will Keane,CF
1999-07-23,Victor,174.0,9331,da Silva,Vitinho,RB
2003-06-22,Sinclair,182.0,9334,Armstrong,Sinclair Armstrong,CF
2002-06-26,Hayden,178.0,9338,Hackney,Hayden Hackney,DM
2003-07-31,Abdoullah,180.0,9497,Ba,Abdoullah Ba,RM
2002-07-11,Andreas,190.0,9767,Hountondji,Andreas Hountondji,CF
2005-05-08,Eliezer,180.0,9774,Mayenda,Eliezer Mayenda,CF
1995-12-28,Joe,189.0,9792,Wildsmith,Joe Wildsmith,GK
1992-04-15,Nathaniel,178.0,9795,Mendez-Laing,Nathaniel Mendez-Laing,RW
2004-11-28,Wilson,182.0,9840,Odobert,Wilson Odobert,LW
2000-05-06,Ilia,185.0,9951,Gruev,Ilia Gruev,DM
2004-02-18,Darko,196.0,9987,Gyabi,Darko Gyabi,CM
1990-11-14,Vaclav,192.0,9994,Hladky,Vaclav Hladky,GK
1994-09-30,Greg,181.0,10001,Leigh,Greg Leigh,LB
2000-09-26,Idris,185.0,10005,El Mizouni,Idris El Mizouni,CM
1994-02-22,Kayden,181.0,10011,Jackson,Kayden Jackson,CF
1995-06-24,Dominic,188.0,10014,Iorfa,Dominic Iorfa,RCB
1992-11-20,Michael,185.0,10015,Ihiekwe,Michael Ihiekwe,RCB
1991-09-19,Liam,188.0,10018,Palmer,Liam Palmer,RB
1989-12-01,Barry,169.0,10020,Bannan,Barry Bannan,CM
1990-12-01,Marvin,178.0,10024,Johnson,Marvin Johnson,LM
1994-01-09,Josh,175.0,10025,Windass,Josh Windass,AM
1991-10-17,Michael,191.0,10028,Smith,Michael Smith,CF
1996-02-14,Connor,184.0,10034,Ogilvie,Connor Ogilvie,LB
1999-09-04,Jamie,185.0,10070,Cumming,Jamie Cumming,GK
1993-03-01,Josh,178.0,10081,Mceachran,Josh Mceachran,CM
1999-10-08,Michael,186.0,10094,Cooper,Michael Cooper,GK
1996-03-17,Brendan,186.0,10100,Galloway,Brendan Galloway,LB
2000-10-01,Adam,175.0,10103,Randell,Adam Randell,DM
2000-09-07,Finn,185.0,10106,Azaz,Finn Azaz,AM
1990-10-31,Joe,173.0,10108,Edwards,Joe Edwards,RM
1997-03-17,Ryan,188.0,10111,Hardie,Ryan Hardie,CF
1999-05-20,Niall,178.0,10112,Ennis,Niall Ennis,CF
1997-03-16,Elliott,196.0,10117,Moore,Elliott Moore,RCB
1995-01-16,Sam,180.0,10120,Long,Sam Long,RB
1996-05-09,Cameron,180.0,10121,Brannagan,Cameron Brannagan,CM
2001-01-09,Anis,180.0,10147,Mehmeti,Anis Mehmeti,LW
2001-02-18,Paddy,177.0,10306,Lane,Paddy Lane,LW
1999-11-19,Josh,178.0,10373,Key,Josh Key,RB
1997-03-23,Ben,182.0,10393,Stevenson,Ben Stevenson,CM
1998-12-29,Brandon,182.0,10450,Thomas-Asante,Brandon Thomas-Asante,CF
2003-12-22,Junior,,10485,Tchamadeu,Junior Tchamadeu,RB
2004-10-14,Gatlin,,10661,O'Donkor,Gatlin O'Donkor,CF
2003-08-07,Tyler,170.0,10662,Goodrham,Tyler Goodrham,RW
2000-03-01,Marcelino,173.0,10672,Núñez,Marcelino Núñez,CM
1997-03-28,Benson,166.0,10680,Manuel,Benson Manuel,RW
1993-11-19,Lawrence,194.0,10759,Vigouroux,Lawrence Vigouroux,GK
1997-09-10,Paul,175.0,10776,Smyth,Paul Smyth,RW
1998-01-17,Owen,186.0,10953,Moxon,Owen Moxon,CM
2002-01-03,Nathan,,11011,Broome,Nathan Broome,GK
2001-09-11,Andy,186.0,11036,Smith,Andy Smith,RCB
1997-01-26,Julio,180.0,11175,Pleguezuelo,Julio Pleguezuelo,RCB
2002-01-03,Million,179.0,11231,Manhoef,Million Manhoef,RW
1995-08-26,Sondre,174.0,11234,Tronstad,Sondre Tronstad,CM
2000-09-08,Milan,175.0,11249,Van Ewijk,Milan Van Ewijk,RB
2000-03-25,Ivor,187.0,11261,Pandur,Ivor Pandur,GK
2003-03-26,Ibrahim,188.0,11352,Cissoko,Ibrahim Cissoko,LW
2001-12-22,Nathan,182.0,11450,Tjoe A On,Nathan Tjoe A On,LB
2001-12-18,Kenzo,176.0,11456,Goudmijn,Kenzo Goudmijn,CM
1998-08-17,Andre,176.0,11705,Vidigal,Andre Vidigal,LW
1994-05-14,Manolis,168.0,12011,Siopis,Manolis Siopis,DM
1999-06-25,Abdulkadir,168.0,12018,Omur,Abdulkadir Omur,AM
1998-03-27,Haji,193.0,12183,Wright,Haji Wright,CF
1994-04-04,Dimitrios,189.0,12378,Goutas,Dimitrios Goutas,RCB
1999-06-24,Gianluca,187.0,12880,Frabotta,Gianluca Frabotta,LB
1999-06-17,Vinicius,187.0,13015,Souza,Vinicius Souza,DM
2004-09-15,Luca,175.0,13068,Koleosho,Luca Koleosho,LW
2000-07-19,Lewis,185.0,13079,Gibson,Lewis Gibson,LCB
1997-12-31,Tom,168.0,13081,Lowery,Tom Lowery,CM
1991-04-30,Victor,186.0,13090,Palsson,Victor Palsson,RCB
1999-07-25,Milutin,186.0,13265,Osmajic,Milutin Osmajic,CF
2002-09-24,Josh,172.0,13314,Thomas,Josh Thomas,CF
2001-06-03,Matty,180.0,13392,Jacob,Matty Jacob,LB
1999-08-25,Ephron,178.0,13395,Mason-Clark,Ephron Mason-Clark,LW
2000-05-02,Callum,182.0,13456,Wright,Callum Wright,CM
2003-08-20,Andre,180.0,13559,Brooks,Andre Brooks,CM
2000-11-07,Anass,176.0,13560,Zaroury,Anass Zaroury,LW
2003-11-05,Wilfried,170.0,13638,Gnonto,Wilfried Gnonto,RW
2005-04-21,Zack,,13659,Nelson,Zack Nelson,M
2004-03-10,Brad,188.0,13734,Hills,Brad Hills,RCB
2006-07-28,Frederick,177.0,13764,Issaka,Frederick Issaka,CF
2003-10-19,Mateo,185.0,13769,Joseph,Mateo Joseph,CF
2004-07-30,Zak,,13883,Johnson,Zak Johnson,RB
2001-03-16,Anis,188.0,14030,Slimane,Anis Slimane,CM
1999-09-27,Liam,181.0,14033,Millar,Liam Millar,LW
2005-05-13,Romain,,14066,Esse,Romain Esse,AM
2005-05-06,David,,14097,Ozoh,David Ozoh,DM
2007-06-18,Chris,177.0,14101,Rigg,Chris Rigg,CM
1994-07-19,Michael,188.0,14281,Frey,Michael Frey,CF
2004-07-02,Louie,176.0,15619,Marsh,Louie Marsh,CF
2000-09-03,Lyle,185.0,15620,Foster,Lyle Foster,CF
1999-03-25,Ryan,188.0,15633,Porteous,Ryan Porteous,RCB
1999-10-11,Joe,195.0,15663,Hilton,Joe Hilton,GK
2003-10-26,Aidomo,180.0,16888,Emakhu,Aidomo Emakhu,LW
2001-03-24,Lucas,182.0,17958,Pires,Lucas Pires,LB
2003-04-24,Romaine,,18170,Mundle,Romaine Mundle,RW
2004-12-16,Reuell,186.0,18202,Walters,Reuell Walters,RB
2004-08-26,Ryan,,18409,Andrews,Ryan Andrews,RB
2006-01-09,Joseph,172.0,18699,Johnson,Joseph Johnson,LB
2003-04-07,Liam,183.0,18765,Morrison,Liam Morrison,RCB
2003-04-17,Alex,182.0,18894,Robertson,Alex Robertson,CM
2003-11-28,Alfie,183.0,18898,Gilchrist,Alfie Gilchrist,RCB
2001-02-01,Hevertton,183.0,19107,Ciriaco Santos,Hevertton,RB
2001-06-14,Ronald,177.0,19122,Pereira Martins,Ronald,RW
2004-07-16,James,201.0,19321,Beadle,James Beadle,GK
2003-09-09,Charlie,181.0,19322,McNeill,Charlie McNeill,CF
2001-02-16,Wouter,191.0,19638,Burger,Wouter Burger,DM
1999-03-14,Zan,186.0,19690,Celar,Zan Celar,CF
1997-02-28,Mustapha,189.0,20014,Bundu,Mustapha Bundu,RW
1999-07-16,Eric Junior,184.0,20211,Bocat,Eric Junior Bocat,LB
2002-12-31,Amankwah,173.0,20260,Forson,Amankwah Forson,CM
1999-07-10,David,185.0,20707,Turnbull,David Turnbull,CM
2003-05-11,Nectarios,191.0,20914,Triantis,Nectarios Triantis,RCB
1997-12-24,Tom,196.0,20916,Glover,Tom Glover,GK
2004-07-07,Rav,191.0,20917,van den Berg,Rav van den Berg,RCB
2000-10-25,Sam,179.0,20918,Silvera,Sam Silvera,LW
2001-12-28,Alex,183.0,20919,Gilbert,Alex Gilbert,LW
1999-05-15,Arnór,177.0,20921,Sigurdsson,Arnór Sigurdsson,LW
1997-11-01,Ryan,185.0,20923,Mmaee,Ryan Mmaee,CF
1996-10-22,Tatsuhiro,170.0,20924,Sakamoto,Tatsuhiro Sakamoto,RM
2005-08-27,Kian,181.0,20925,Best,Kian Best,LB
1999-07-29,Mads,186.0,20928,Frökjaer-Jensen,Mads Frökjaer-Jensen,AM
1997-02-07,Casper,175.0,20931,De Norre,Casper De Norre,CM
1997-03-08,Kevin,180.0,20932,Nisbet,Kevin Nisbet,CF
1998-03-05,Conor,198.0,20935,Hazard,Conor Hazard,GK
1997-02-21,Pol,181.0,20937,Valentín,Pol Valentín,RB
1996-08-02,Rúben,181.0,20946,Rodrigues,Rúben Rodrigues,AM
2003-11-06,Terry,,20948,Devlin,Terry Devlin,CM
1997-02-03,Macaulay,178.0,21024,Langstaff,Macaulay Langstaff,CF
2003-02-20,Xavier,180.0,21089,Simons,Xavier Simons,DM
2005-07-21,Pierce,,21096,Charles,Pierce Charles,GK
2004-05-05,Kellen,182.0,21101,Fisher,Kellen Fisher,RB
2007-02-10,Souleymane,,21105,Sidibe,Souleymane Sidibe,CM
2002-03-18,Zan,185.0,21206,Vipotnik,Zan Vipotnik,CF
2000-11-17,Gonçalo,176.0,21681,Franco,Gonçalo Franco,CM
2006-08-06,Kai,180.0,21920,Andrews,Kai Andrews,CM
2005-02-10,Rayan,,21924,Kolli,Rayan Kolli,RW
1997-12-04,Makhtar,195.0,21932,Gueye,Makhtar Gueye,CF
1998-12-14,Lukas,178.0,22710,Engel,Lukas Engel,LB
1999-01-01,Emmanuel,176.0,22711,Latte Lath,Emmanuel Latte Lath,CF
1999-07-17,Mileta,189.0,23315,Rajovic,Mileta Rajovic,CF
2000-07-26,Muhamed,191.0,23917,Tijani,Muhamed Tijani,CF
1998-10-25,Nazariy,177.0,23998,Rusyn,Nazariy Rusyn,CF
2005-05-31,Tyrell,173.0,24026,Sellars-Fleming,Tyrell Sellars-Fleming,CF
2007-02-07,Jaden,,24095,Dixon,Jaden Dixon,RCB
2004-03-31,Tom,,24323,Leahy,Tom Leahy,CF
2003-11-13,Micah,177.0,24394,Hamilton,Micah Hamilton,LW
2005-10-16,Dajaune,,24439,Brown,Dajaune Brown,CF
2004-09-13,Sydie,173.0,24921,Peck,Sydie Peck,CM
1998-10-16,Stefán Teitur,189.0,25360,Thórdarson,Stefán Teitur Thórdarson,CM
2004-10-01,Fenton,,26323,Heard,Fenton Heard,AM
2006-11-28,Stanley,187.0,26408,Ashbee,Stanley Ashbee,LCB
1999-07-30,Victor,178.0,26428,Torp,Victor Torp,CM
2002-07-11,Oliver,188.0,26620,Dovin,Oliver Dovin,GK
1999-01-12,Torbjørn,192.0,26648,Heggem,Torbjørn Heggem,LCB
2005-04-18,Rocco,184.0,26884,Vata,Rocco Vata,CF
1994-09-13,Lucas,184.0,27164,Andersen,Lucas Andersen,AM
2003-09-25,Reece,,27301,Hall,Reece Hall,RB
1996-07-27,Yuki,181.0,28361,Ohashi,Yuki Ohashi,CF
2002-05-09,Ji-sung,176.0,28796,Eom,Ji-sung Eom,LW
2006-06-15,Charlie,,30332,Crewe,Charlie Crewe,DM
2007-03-01,Christian,,30427,Chigozie,Christian Chigozie,RCB
2007-07-12,Theo,,30498,Mawene,Theo Mawene,M
2004-04-29,Josh,,32972,Stokes,Josh Stokes,AM
2001-09-24,Kornél,190.0,32975,Szűcs,Kornél Szűcs,RCB
1999-09-18,Elias,189.0,32979,Sørensen,Elias Sørensen,LW
2006-04-13,Daniel,181.0,32980,Bennie,Daniel Bennie,LW
2001-07-10,Olaf,178.0,32981,Kobacki,Olaf Kobacki,LW
2006-10-13,Freddie,,33108,Anderson,Freddie Anderson,RCB
2003-04-30,Alfie,,33109,Lloyd,Alfie Lloyd,CF
2007-01-20,Elliot,178.0,33110,Myles,Elliot Myles,AM
2006-08-04,Gabe,184.0,33111,Forsyth,Gabe Forsyth,AM
2006-01-18,Alfie,183.0,33112,Massey,Alfie Massey,CM
2004-06-07,Kyle,,33113,Smith,Kyle Smith,RB
2005-12-16,Daniel,170.0,33114,Watts,Daniel Watts,CM
2005-01-27,George,,33115,McCormick,George McCormick,RCB
2007-01-01,Leo,,33116,Pecover,Leo Pecover,M
,Nathan,,33117,Tinsdale,Nathan Tinsdale,M
2002-03-11,Malachi,186.0,33118,Fagan-Walcott,Malachi Fagan-Walcott,RCB
1998-06-18,Ryotaro,171.0,24,Meshino,Ryotaro Meshino,LW
1992-07-15,Yoshinori,179.0,348,Muto,Yoshinori Muto,CF
1990-04-12,Hiroki,185.0,2090,Sakai,Hiroki Sakai,RB
1994-02-11,Musashi,185.0,2096,Suzuki,Musashi Suzuki,CF
1999-03-10,Matheus,185.0,4061,Soares Thuler,Thuler,RCB
1983-03-20,Eiji,185.0,4230,Kawashima,Eiji Kawashima,GK
1997-11-22,Keita,176.0,4969,Endo,Keita Endo,AM
1994-08-23,Shoya,164.0,8558,Nakajima,Shoya Nakajima,AM
1994-10-24,Naomichi,186.0,9577,Ueda,Naomichi Ueda,RCB
1985-08-06,Bafetimbi,184.0,11995,Gomis,Bafetimbi Gomis,CF
1997-01-24,Ibrahim,186.0,12288,Dresevic,Ibrahim Dresevic,RCB
1994-06-28,Sai,178.0,13261,Van Wermeskerken,Sai Van Wermeskerken,RB
1994-11-17,Naoki,176.0,13493,Maeda,Naoki Maeda,RW
1999-04-13,Erison Danilo,180.0,13500,de Souza,Erison,CF
1986-09-12,Yuto,170.0,13798,Nagatomo,Yuto Nagatomo,LB
1997-03-20,Thomas,182.0,13816,Deng,Thomas Deng,RCB
1991-01-18,Mitchell,186.0,13819,Duke,Mitchell Duke,CF
1997-10-15,Bum-keun,194.0,13908,Song,Bum-keun Song,GK
1996-08-12,Sang-ho,173.0,13918,Na,Sang-ho Na,LW
1991-12-25,Issam,186.0,14028,Jebali,Issam Jebali,CF
1986-06-01,Hiroki,181.0,14037,Iikura,Hiroki Iikura,GK
1994-09-05,Vitor,185.0,15796,Bueno,Vitor Bueno,AM
1999-02-03,Zé,180.0,17993,Ricardo,Zé Ricardo,DM
1995-11-16,Matheus,190.0,18007,Peixoto,Matheus Peixoto,CF
2004-09-08,Patrick,174.0,18455,Verhon,Patrick Verhon,AM
1996-08-25,Neta,177.0,18659,Lavi,Neta Lavi,DM
2000-05-30,Toichi,165.0,19808,Suzuki,Toichi Suzuki,LM
1997-07-23,Yusuke,170.0,20162,Matsuo,Yusuke Matsuo,LW
1995-01-11,Samuel,187.0,23652,Gustafson,Samuel Gustafson,DM
2003-09-14,Justin,187.0,24634,Hubner,Justin Hubner,LCB
1997-01-30,Ryosuke,183.0,27903,Kojima,Ryosuke Kojima,GK
1997-08-01,Koto,186.0,27904,Abe,Koto Abe,GK
1998-07-06,Ryo,183.0,27907,Endo,Ryo Endo,RCB
1994-01-12,Fumiya,170.0,27908,Hayakawa,Fumiya Hayakawa,RCB
1988-09-17,Michael James,185.0,27909,Fitzgerald,Michael James Fitzgerald,RCB
1985-06-21,Kazuhiko,183.0,27910,Chiba,Kazuhiko Chiba,RCB
1994-09-09,Yuto,168.0,27911,Horigome,Yuto Horigome,LB
1995-09-09,Soya,170.0,27912,Fujiwara,Soya Fujiwara,RB
1996-10-07,Naoto,173.0,27913,Arai,Naoto Arai,RB
1998-10-06,Takumi,179.0,27914,Hasegawa,Takumi Hasegawa,RB
2001-08-19,Riita,170.0,27915,Mori,Riita Mori,RB
1990-11-28,Yuzuru,175.0,27916,Shimada,Yuzuru Shimada,DM
2000-12-09,Hiroki,176.0,27917,Akiyama,Hiroki Akiyama,DM
1998-08-03,Eiji,173.0,27918,Miyamoto,Eiji Miyamoto,DM
1992-07-27,Yuji,170.0,27919,Hoshi,Yuji Hoshi,DM
1998-12-10,Motoki,177.0,27921,Hasegawa,Motoki Hasegawa,AM
1992-12-09,Yoshiaki,168.0,27922,Takagi,Yoshiaki Takagi,AM
2001-04-03,Jin,168.0,27923,Okumura,Jin Okumura,AM
1999-02-05,Danilo,175.0,27924,Gomes,Danilo Gomes,LW
2002-08-11,Yota,169.0,27925,Komi,Yota Komi,LW
1996-02-23,Shusuke,176.0,27926,Ota,Shusuke Ota,RW
2001-05-20,Eitaro,170.0,27927,Matsuda,Eitaro Matsuda,RW
1995-09-07,Kaito,177.0,27928,Taniguchi,Kaito Taniguchi,CF
1992-12-22,Yuji,170.0,27929,Ono,Yuji Ono,CF
1989-07-25,Koji,179.0,27930,Suzuki,Koji Suzuki,CF
1999-10-07,Motoki,177.0,27931,Nagakura,Motoki Nagakura,CF
1992-08-07,Masaaki,185.0,27932,Murakami,Masaaki Murakami,GK
1996-02-16,Takumi,191.0,27933,Nagaishi,Takumi Nagaishi,GK
1993-09-19,Tatsuki,180.0,27937,Nara,Tatsuki Nara,RCB
1989-10-05,Douglas,189.0,27938,Grolli,Douglas Grolli,RCB
1996-04-01,Daiki,186.0,27939,Miya,Daiki Miya,LCB
1993-05-01,Masaya,185.0,27940,Tashiro,Masaya Tashiro,RCB
1999-11-09,Seiya,187.0,27941,Inoue,Seiya Inoue,RCB
1998-07-16,Itsuki,173.0,27942,Oda,Itsuki Oda,LB
1993-05-28,Masashi,177.0,27943,Kamekawa,Masashi Kamekawa,LB
1997-08-12,Yota,178.0,27944,Maejima,Yota Maejima,RB
1993-10-10,Masato,179.0,27945,Yuzawa,Masato Yuzawa,RB
1995-08-01,Hiroyuki,173.0,27946,Mae,Hiroyuki Mae,DM
2001-09-20,Masato,171.0,27947,Shigemi,Masato Shigemi,DM
1996-04-13,Yuto,175.0,27948,Hiratsuka,Yuto Hiratsuka,DM
2002-04-04,Kimiya,178.0,27949,Moriyama,Kimiya Moriyama,DM
2001-06-01,Daiki,172.0,27950,Matsuoka,Daiki Matsuoka,CM
2000-08-04,Yuji,169.0,27951,Kitajima,Yuji Kitajima,LM
1998-06-11,Yuto,173.0,27953,Iwasaki,Yuto Iwasaki,LW
1997-07-11,Kazuya,161.0,27954,Konno,Kazuya Konno,RW
1994-04-04,Takeshi,171.0,27956,Kanamori,Takeshi Kanamori,CF
1999-02-20,Ryoga,178.0,27957,Sato,Ryoga Sato,CF
1988-02-11,Wellington Luís,186.0,27958,de Sousa,Wellington,CF
2001-01-26,Reiju,168.0,27959,Tsuruno,Reiju Tsuruno,CF
1986-04-16,Hisashi,183.0,27960,Jogo,Hisashi Jogo,CF
1991-08-30,Han Been,195.0,27961,Yang,Han Been Yang,GK
1987-07-06,Jin Hyeon,193.0,27962,Kim,Jin Hyeon Kim,GK
1988-11-25,Keisuke,183.0,27963,Shimizu,Keisuke Shimizu,GK
1997-05-26,Shunta,183.0,27964,Tanaka,Shunta Tanaka,RCB
2001-05-16,Ryuya,180.0,27965,Nishio,Ryuya Nishio,RCB
1995-05-09,Koji,183.0,27967,Toriumi,Koji Toriumi,RCB
1987-11-07,Tatsuya,182.0,27968,Yamashita,Tatsuya Yamashita,RCB
1990-11-13,Kyohei,168.0,27969,Noborizato,Kyohei Noborizato,LB
1998-04-13,Kakeru,177.0,27970,Funaki,Kakeru Funaki,LB
1997-10-16,Seiya,179.0,27971,Maikuma,Seiya Maikuma,RB
2001-04-21,Hayato,174.0,27972,Okuda,Hayato Okuda,RB
1989-08-14,Hiroaki,171.0,27975,Okuno,Hiroaki Okuno,CM
1994-04-24,Lucas,174.0,27976,Fernandes,Lucas Fernandes,RM
2002-07-02,Masaya,161.0,27977,Shibayama,Masaya Shibayama,RM
1997-04-27,Satoki,166.0,27978,Uejo,Satoki Uejo,LM
1993-08-24,Hirotaka,175.0,27979,Tameda,Hirotaka Tameda,LM
1989-03-17,Shinji,175.0,27981,Kagawa,Shinji Kagawa,AM
1997-01-09,João Victor,170.0,27982,da Vitória Fernandes,Capixaba,LW
1994-01-15,Jordy,172.0,27983,Croux,Jordy Croux,RW
2004-05-11,Reiya,170.0,27984,Sakata,Reiya Sakata,RW
1995-02-03,Léo,178.0,27985,Ceará,Léo Ceará,CF
2000-03-07,Hiroto,183.0,27986,Yamada,Hiroto Yamada,CF
1996-10-25,Ryo,179.0,27987,Watanabe,Ryo Watanabe,CF
2004-08-13,Sota,172.0,27988,Kitano,Sota Kitano,CF
1998-05-25,Go,198.0,27990,Hatano,Go Hatano,GK
2002-12-25,Taishi Brandon,193.0,27991,Nozawa,Taishi Brandon Nozawa,GK
1987-12-28,Tsuyoshi,183.0,27992,Kodama,Tsuyoshi Kodama,GK
1993-08-06,Yasuki,184.0,27994,Kimoto,Yasuki Kimoto,RCB
1997-01-20,Henrique,185.0,27995,Trevisan,Henrique Trevisan,LCB
1987-05-21,Masato,183.0,27996,Morishige,Masato Morishige,RCB
2004-11-10,Kanta,185.0,27997,Doi,Kanta Doi,RCB
1995-09-12,Shuhei,171.0,28000,Tokumoto,Shuhei Tokumoto,LB
2001-09-24,Kashif,176.0,28001,Bangnagande,Kashif Bangnagande,LB
1994-05-01,Kosuke,166.0,28002,Shirai,Kosuke Shirai,RB
1997-08-12,Hotaka,177.0,28003,Nakamura,Hotaka Nakamura,RB
1998-04-20,Takahiro,173.0,28004,Ko,Takahiro Ko,DM
1995-04-19,Kei,173.0,28005,Koizumi,Kei Koizumi,DM
2003-04-30,Kuryu,180.0,28007,Matsuki,Kuryu Matsuki,CM
1993-08-18,Riki,175.0,28008,Harakawa,Riki Harakawa,CM
2000-04-10,Tsubasa,180.0,28009,Terayama,Tsubasa Terayama,CM
2002-09-29,Soma,175.0,28010,Anzai,Soma Anzai,CM
2004-05-14,Kota,175.0,28012,Tawaratsumida,Kota Tawaratsumida,LM
2002-01-29,Ryotaro,170.0,28013,Araki,Ryotaro Araki,AM
1990-07-20,Keigo,178.0,28014,Higashi,Keigo Higashi,AM
2006-10-16,Ryunosuke,171.0,28016,Sato,Ryunosuke Sato,AM
1998-11-12,Jája,175.0,28017,Silva,Jája Silva,LW
1992-07-27,Teruhito,161.0,28018,Nakagawa,Teruhito Nakagawa,RW
1990-06-22,Diego,179.0,28019,Oliveira,Diego Oliveira,CF
1998-07-09,Tsuyoshi,167.0,28020,Ogashiwa,Tsuyoshi Ogashiwa,CF
2003-07-21,Leon,174.0,28022,Nozawa,Leon Nozawa,CF
1991-07-02,Jun,182.0,28023,Ichimori,Jun Ichimori,GK
1986-05-12,Masaaki,184.0,28024,Higashiguchi,Masaaki Higashiguchi,GK
2005-04-25,Aolin,194.0,28026,Zhang,Aolin Zhang,GK
1996-03-24,Shinnosuke,182.0,28027,Nakatani,Shinnosuke Nakatani,RCB
1995-03-01,Genta,183.0,28028,Miura,Genta Miura,RCB
1995-10-24,Shota,180.0,28030,Fukuoka,Shota Fukuoka,RCB
1997-04-13,Keisuke,173.0,28032,Kurokawa,Keisuke Kurokawa,LB
2003-08-17,Shinya,173.0,28033,Nakano,Shinya Nakano,LB
1991-07-24,Riku,171.0,28035,Matsuda,Riku Matsuda,RB
2002-01-01,Riku,176.0,28036,Handa,Riku Handa,RB
1997-07-16,Takeru,174.0,28037,Kishimoto,Takeru Kishimoto,RB
1996-06-03,Dawhan Fran,177.0,28038,Purificação Oliveira,Dawhan,DM
1997-03-12,Tokuma,168.0,28039,Suzuki,Tokuma Suzuki,DM
1988-11-26,Shu,172.0,28041,Kurata,Shu Kurata,LM
2002-02-12,Rin,180.0,28042,Mito,Rin Mito,LM
1999-07-10,Kota,175.0,28043,Yamada,Kota Yamada,AM
1994-09-21,Hideki,170.0,28044,Ishige,Hideki Ishige,AM
1997-08-06,Welton Felipe,175.0,28045,Paraguá de Melo,Welton,LW
1996-09-02,Juan,174.0,28046,Alano,Juan Alano,RW
1997-10-19,Ryoya,164.0,28047,Yamashita,Ryoya Yamashita,RW
1992-05-06,Takashi,178.0,28049,Usami,Takashi Usami,CF
2002-09-21,Shoji,180.0,28050,Toyama,Shoji Toyama,CF
2003-08-26,Isa,173.0,28051,Sakamoto,Isa Sakamoto,CF
1999-03-05,Kojiro,200.0,28052,Nakano,Kojiro Nakano,GK
1984-05-03,Takanori,178.0,28054,Sugeno,Takanori Sugeno,GK
1995-02-07,Shunta,188.0,28055,Awaka,Shunta Awaka,GK
1997-02-15,Daihachi,183.0,28056,Okamura,Daihachi Okamura,RCB
2001-10-24,Seiya,180.0,28057,Baba,Seiya Baba,RCB
2000-07-23,Toya,186.0,28058,Nakamura,Toya Nakamura,LCB
2000-01-20,Rei,185.0,28059,Ieizumi,Rei Ieizumi,RCB
2004-05-28,Shota,182.0,28060,Nishino,Shota Nishino,RCB
2001-06-17,Yamato,180.0,28061,Okada,Yamato Okada,LB
1996-11-09,Ryu,181.0,28062,Takao,Ryu Takao,RB
2005-08-03,Kosuke,170.0,28064,Hara,Kosuke Hara,M
1993-04-20,Takuma,181.0,28065,Arano,Takuma Arano,CM
1992-04-24,Yuki,182.0,28066,Kobayashi,Yuki Kobayashi,CM
1989-06-28,Hiroki,182.0,28067,Miyazawa,Hiroki Miyazawa,CM
2001-03-21,Tomoki,172.0,28068,Kondo,Tomoki Kondo,RM
2002-03-15,Katsuyuki,174.0,28069,Tanaka,Katsuyuki Tanaka,RM
1998-09-10,Daiki,171.0,28070,Suga,Daiki Suga,LM
1994-03-07,Tatsuya,164.0,28071,Hasegawa,Tatsuya Hasegawa,LM
1999-04-15,Hiromu,174.0,28072,Tanaka,Hiromu Tanaka,LM
1997-02-17,Yuya,173.0,28073,Asano,Yuya Asano,AM
1998-05-22,Supachok,169.0,28074,Sarachat,Supachok Sarachat,AM
1996-03-06,Ryota,174.0,28075,Aoki,Ryota Aoki,AM
1992-06-06,Yoshiaki,168.0,28076,Komai,Yoshiaki Komai,AM
1995-02-22,Gun Hee,187.0,28077,Kim,Gun Hee Kim,CF
2001-02-09,Shingo,181.0,28079,Omori,Shingo Omori,CF
1992-05-17,Ryuki,181.0,28081,Miura,Ryuki Miura,GK
1999-08-23,Yuya,183.0,28082,Tsuboi,Yuya Tsuboi,GK
1997-02-16,Ricardo,182.0,28085,Graça,Ricardo Graça,LCB
2002-08-25,Kaito,182.0,28086,Suzuki,Kaito Suzuki,RCB
1992-10-18,Makito,183.0,28087,Ito,Makito Ito,RCB
1998-11-20,Riku,181.0,28088,Morioka,Riku Morioka,RCB
1996-08-30,Ko,182.0,28090,Matsubara,Ko Matsubara,LB
2000-09-16,Keita,176.0,28091,Takahata,Keita Takahata,LB
1991-10-16,Daiki,172.0,28092,Ogawa,Daiki Ogawa,RB
2003-07-30,Shunsuke,178.0,28093,Nishikubo,Shunsuke Nishikubo,RB
1997-12-07,Naoki,174.0,28094,Kanuma,Naoki Kanuma,DM
2003-12-21,Kensuke,177.0,28095,Fujiwara,Kensuke Fujiwara,DM
2001-08-26,Hiroto,173.0,28096,Uemura,Hiroto Uemura,M
1994-02-24,Shun,178.0,28098,Nakamura,Shun Nakamura,CM
1996-08-25,Rikiya,174.0,28099,Uehara,Rikiya Uehara,CM
1997-04-30,Léo,181.0,28100,Gomes,Léo Gomes,CM
1995-01-25,Masaya,175.0,28101,Matsumoto,Masaya Matsumoto,RM
2000-04-20,Rei,176.0,28103,Hirakawa,Rei Hirakawa,AM
1995-05-02,Shota,163.0,28104,Kaneko,Shota Kaneko,AM
1998-07-24,Kotaro,172.0,28105,Fujikawa,Kotaro Fujikawa,AM
1988-12-27,Hiroki,174.0,28106,Yamada,Hiroki Yamada,AM
2003-07-16,Yosuke,174.0,28107,Furukawa,Yosuke Furukawa,LW
1998-03-31,Bruno,173.0,28108,José,Bruno José,RW
1995-05-04,Masatoshi,178.0,28109,Ishida,Masatoshi Ishida,CF
1995-04-19,Ryo,182.0,28110,Germain,Ryo Germain,CF
1999-03-03,Tomoki,187.0,28113,Hayakawa,Tomoki Hayakawa,GK
1991-07-26,Yuji,185.0,28114,Kajikawa,Yuji Kajikawa,GK
2002-01-08,Taiki,190.0,28115,Yamada,Taiki Yamada,GK
2000-09-13,Ikuma,182.0,28117,Sekigawa,Ikuma Sekigawa,RCB
2004-05-21,Keisuke,180.0,28118,Tsukui,Keisuke Tsukui,RCB
1995-05-31,Koki,172.0,28119,Anzai,Koki Anzai,LB
1998-10-27,Hidehiro,172.0,28121,Sugai,Hidehiro Sugai,RB
2002-03-26,Kimito,179.0,28122,Nono,Kimito Nono,RB
2000-12-30,Kaishu,176.0,28124,Sano,Kaishu Sano,DM
1996-10-30,Yuta,168.0,28125,Higuchi,Yuta Higuchi,CM
2001-04-13,Yuta,170.0,28127,Matsumura,Yuta Matsumura,RM
1998-12-04,Tomoya,173.0,28128,Fujii,Tomoya Fujii,LM
1992-05-16,Hayato,170.0,28129,Nakama,Hayato Nakama,LM
1992-05-21,Shoma,172.0,28131,Doi,Shoma Doi,AM
1996-04-17,Shintaro,168.0,28132,Nago,Shintaro Nago,AM
1994-05-18,Aleksandar,186.0,28133,Cavric,Aleksandar Cavric,RW
1995-09-19,Guilherme,176.0,28134,Parede,Guilherme Parede,RW
1996-04-26,Yuma,182.0,28135,Suzuki,Yuma Suzuki,CF
1997-07-14,Yuki,187.0,28136,Kakita,Yuki Kakita,CF
1995-03-17,Kei,177.0,28137,Chinen,Kei Chinen,CF
2000-12-09,Shu,174.0,28138,Morooka,Shu Morooka,CF
2002-05-01,Masato,185.0,28139,Sasaki,Masato Sasaki,GK
1997-05-04,Kenta,185.0,28140,Matsumoto,Kenta Matsumoto,GK
1990-08-03,Tatsuya,191.0,28141,Morita,Tatsuya Morita,GK
1998-10-28,Taiyo,182.0,28143,Koga,Taiyo Koga,RCB
1997-07-27,Hiroki,181.0,28144,Noda,Hiroki Noda,RCB
1993-05-12,Tomoya,182.0,28145,Inukai,Tomoya Inukai,RCB
1998-06-21,Yugo,191.0,28146,Tatsuta,Yugo Tatsuta,RCB
1995-09-21,Diego,183.0,28148,Jara Rodrigues,Diego,LB
1991-11-30,Eiichi,181.0,28149,Katayama,Eiichi Katayama,LB
1994-05-24,Naoki,175.0,28150,Kawaguchi,Naoki Kawaguchi,RB
2002-08-11,Hiroki,187.0,28151,Sekine,Hiroki Sekine,RB
1997-12-29,Tomoki,177.0,28152,Takamine,Tomoki Takamine,DM
1995-09-26,Eiji,176.0,28153,Shirai,Eiji Shirai,DM
2000-05-17,Yuto,169.0,28154,Yamada,Yuto Yamada,DM
2003-10-25,Takumi,180.0,28155,Tsuchiya,Takumi Tsuchiya,DM
2001-04-15,Koki,185.0,28156,Kumasaka,Koki Kumasaka,DM
1995-09-26,Sachiro,170.0,28157,Toshima,Sachiro Toshima,CM
1999-03-06,Takuya,170.0,28158,Shimamura,Takuya Shimamura,CM
1995-04-24,Tomoya,171.0,28159,Koyamatsu,Tomoya Koyamatsu,LM
1997-04-15,Matheus,175.0,28161,Savio,Matheus Savio,AM
2001-01-13,Kazuki,180.0,28162,Kumasawa,Kazuki Kumasawa,AM
2001-07-04,Fumiya,167.0,28163,Unoki,Fumiya Unoki,LW
1988-11-07,Yuki,170.0,28164,Muto,Yuki Muto,CF
2001-09-07,Mao,178.0,28166,Hosoya,Mao Hosoya,CF
1994-10-03,Kosuke,190.0,28167,Kinoshita,Kosuke Kinoshita,CF
2004-06-04,Ota,175.0,28169,Yamamoto,Ota Yamamoto,CF
1989-11-17,Naoto,181.0,28171,Kamifukumoto,Naoto Kamifukumoto,GK
1985-01-04,Sung Ryong,191.0,28172,Jung,Sung Ryong Jung,GK
1994-03-05,Jesiel,186.0,28175,Cardoso Miranda,Jesiel,RCB
1997-12-13,Takuma,184.0,28176,Ominami,Takuma Ominami,RCB
1989-06-16,Yuichi,184.0,28178,Maruyama,Yuichi Maruyama,LCB
2004-09-04,Kota,193.0,28179,Takai,Kota Takai,RCB
2000-01-26,Asahi,180.0,28180,Sasaki,Asahi Sasaki,LB
2000-09-07,Sota,178.0,28181,Miura,Sota Miura,LB
2002-05-05,Shuto,181.0,28182,Tanabe,Shuto Tanabe,RB
1998-05-29,Kento,168.0,28183,Tachibanada,Kento Tachibanada,DM
2001-05-30,Hinata,170.0,28185,Yamauchi,Hinata Yamauchi,DM
1997-11-06,Yuki,173.0,28188,Yamamoto,Yuki Yamamoto,CM
1997-12-22,Tatsuki,175.0,28189,Seko,Tatsuki Seko,CM
1995-06-11,Yasuto,173.0,28190,Wakizaka,Yasuto Wakizaka,AM
1995-05-16,Marcio Augusto,173.0,28191,da Silva Barbosa,Marcinho,LW
1986-06-13,Akihiro,173.0,28193,Ienaga,Akihiro Ienaga,RW
1999-03-14,Daiya,165.0,28194,Tono,Daiya Tono,CF
1994-02-07,Yusuke,170.0,28195,Segawa,Yusuke Segawa,CF
1987-09-23,Yu,178.0,28196,Kobayashi,Yu Kobayashi,CF
2000-05-30,Shin,175.0,28197,Yamada,Shin Yamada,CF
1992-06-15,Warner,190.0,28199,Hahn,Warner Hahn,GK
1994-06-27,Sung Yun,197.0,28200,Gu,Sung Yun Gu,GK
1990-12-26,Gakuji,190.0,28201,Ota,Gakuji Ota,GK
1998-07-06,Shogo,186.0,28203,Asada,Shogo Asada,LCB
1992-09-11,Yoshinori,184.0,28204,Suzuki,Yoshinori Suzuki,RCB
1998-10-18,Hisashi Appiah,192.0,28205,Tawiah,Hisashi Appiah Tawiah,RCB
1991-04-16,Yuto,175.0,28206,Misao,Yuto Misao,LCB
2000-05-17,Keita,190.0,28208,Matsuda,Keita Matsuda,RCB
2005-08-19,Rikuto,180.0,28209,Iida,Rikuto Iida,LB
2000-09-04,Shinnosuke,174.0,28210,Fukuda,Shinnosuke Fukuda,RB
2001-07-30,Sota,172.0,28211,Kawasaki,Sota Kawasaki,DM
1998-08-28,Daiki,177.0,28212,Kaneko,Daiki Kaneko,DM
1999-12-15,Yuta,170.0,28213,Miyamoto,Yuta Miyamoto,DM
2000-06-27,Shimpei,170.0,28214,Fukuoka,Shimpei Fukuoka,CM
1994-04-04,Shohei,181.0,28215,Takeda,Shohei Takeda,CM
1994-07-16,Koki,184.0,28216,Tsukagawa,Koki Tsukagawa,CM
2000-03-21,Kyo,168.0,28217,Sato,Kyo Sato,RM
1997-04-18,Taiki,177.0,28218,Hirato,Taiki Hirato,LM
2005-04-25,Yuto,176.0,28219,Anzai,Yuto Anzai,LM
1995-06-11,Temma,163.0,28220,Matsuda,Temma Matsuda,AM
2001-11-01,Teppei,170.0,28221,Yachida,Teppei Yachida,AM
2005-03-02,Sora,173.0,28222,Hiraga,Sora Hiraga,LW
1999-05-05,Taichi,191.0,28223,Hara,Taichi Hara,CF
1998-03-13,Marco,177.0,28224,Túlio,Marco Túlio,CF
1994-09-09,Yuta,171.0,28225,Toyokawa,Yuta Toyokawa,CF
1997-11-10,Kazunari,182.0,28226,Ichimi,Kazunari Ichimi,CF
1992-09-20,Ryogo,187.0,28227,Yamasaki,Ryogo Yamasaki,CF
1992-08-07,Takumi,173.0,28228,Miyayoshi,Takumi Miyayoshi,CF
2000-11-22,Kosei,187.0,28229,Tani,Kosei Tani,GK
1998-05-28,Louis,188.0,28230,Thébault-Yamaguchi,Louis Thébault-Yamaguchi,GK
1995-11-04,Koki,184.0,28231,Fukui,Koki Fukui,GK
1992-12-11,Gen,182.0,28233,Shoji,Gen Shoji,RCB
1999-03-06,Min Kyu,185.0,28234,Jang,Min Kyu Jang,RCB
1996-09-17,Jurato,186.0,28235,Ikeda,Jurato Ikeda,RCB
2000-11-16,Kotaro,170.0,28238,Hayashi,Kotaro Hayashi,LB
1993-07-28,Masayuki,173.0,28240,Okuyama,Masayuki Okuyama,RB
1996-01-07,Junya,176.0,28242,Suzuki,Junya Suzuki,RB
2001-09-20,Henry Heroki,192.0,28243,Mochizuki,Henry Heroki Mochizuki,RB
1995-11-24,Kai,180.0,28244,Shibato,Kai Shibato,DM
1991-11-07,Hokuto,171.0,28245,Shimoda,Hokuto Shimoda,DM
2003-11-20,Zento,176.0,28246,Uno,Zento Uno,DM
1998-11-21,Takuya,174.0,28248,Yasui,Takuya Yasui,CM
1999-04-17,Daigo,164.0,28250,Takahashi,Daigo Takahashi,RM
1994-12-29,Keiya,171.0,28252,Sento,Keiya Sento,AM
1999-10-24,Shunta,169.0,28253,Araki,Shunta Araki,AM
1999-04-19,Takaya,173.0,28255,Numata,Takaya Numata,LW
1998-07-29,Kazuki,180.0,28256,Fujimoto,Kazuki Fujimoto,LW
2000-05-16,Byron,175.0,28258,Vásquez,Byron Vásquez,RW
2001-01-03,Yu,172.0,28259,Hirakawa,Yu Hirakawa,RW
2001-05-02,Shota,184.0,28260,Fujio,Shota Fujio,CF
1999-01-15,Se Hun,193.0,28261,Oh,Se Hun Oh,CF
1988-08-22,Mitchell,193.0,28265,Langerak,Mitchell Langerak,GK
1987-06-30,Yohei,189.0,28267,Takeda,Yohei Takeda,GK
2006-01-10,Alexandre,195.0,28269,Pisano,Alexandre Pisano,GK
1994-10-16,Chang Rae,188.0,28270,Ha,Chang Rae Ha,RCB
1991-04-20,Yuki,180.0,28271,Nogami,Yuki Nogami,RCB
2000-04-25,Shion,184.0,28272,Inoue,Shion Inoue,RCB
2000-06-23,Kennedy Egbus,193.0,28273,Mikuni,Kennedy Egbus Mikuni,RCB
1993-04-20,Ryosuke,174.0,28275,Yamanaka,Ryosuke Yamanaka,LB
1994-05-03,Akinari,184.0,28276,Kawazura,Akinari Kawazura,LB
1991-12-25,Sho,176.0,28278,Inagaki,Sho Inagaki,DM
1990-12-03,Takuji,177.0,28279,Yonemoto,Takuji Yonemoto,DM
1997-06-20,Keiya,178.0,28280,Shiihashi,Keiya Shiihashi,DM
2003-04-29,Haruki,181.0,28281,Yoshida,Haruki Yoshida,DM
2001-04-04,Ken,173.0,28282,Masui,Ken Masui,M
2001-10-20,Kyota,167.0,28283,Sakakibara,Kyota Sakakibara,M
1996-07-17,Katsuhiro,180.0,28285,Nakayama,Katsuhiro Nakayama,RM
1999-04-05,Tojiro,167.0,28286,Kubo,Tojiro Kubo,RM
1993-11-06,Ryuji,173.0,28288,Izumi,Ryuji Izumi,LM
1996-08-09,Masahito,172.0,28289,Ono,Masahito Ono,LM
1992-11-09,Noriyoshi,179.0,28290,Sakai,Noriyoshi Sakai,LM
1997-04-25,Tsukasa,175.0,28292,Morishima,Tsukasa Morishima,AM
1998-06-02,Takuya,177.0,28293,Uchida,Takuya Uchida,AM
1994-03-05,Kasper,186.0,28294,Junker,Kasper Junker,CF
1993-08-29,Yuya,183.0,28295,Yamagishi,Yuya Yamagishi,CF
1989-03-05,Kensuke,177.0,28296,Nagai,Kensuke Nagai,CF
1987-10-26,Anderson Patric,189.0,28297,Aguiar Oliveira,Patric,CF
1989-12-22,Il Gyu,180.0,28298,Park,Il Gyu Park,GK
1997-12-27,Arnau,190.0,28299,Riera,Arnau Riera,GK
2002-02-15,Bong Jo,191.0,28300,Koh,Bong Jo Koh,GK
1983-05-17,Masahiro,184.0,28302,Okamoto,Masahiro Okamoto,GK
1995-12-30,Kosuke,182.0,28304,Yamazaki,Kosuke Yamazaki,RCB
2000-09-17,Tae Hyeon,187.0,28305,Kim,Tae Hyeon Kim,LCB
1996-04-05,Katsunori,182.0,28306,Ueebisu,Katsunori Ueebisu,RCB
2001-08-24,Seiji,186.0,28307,Kimura,Seiji Kimura,RCB
1999-05-07,Taichi,160.0,28308,Kikuchi,Taichi Kikuchi,LB
1990-09-02,Yusuke,178.0,28309,Maruhashi,Yusuke Maruhashi,LB
1996-07-22,Wataru,178.0,28311,Harada,Wataru Harada,RB
2001-12-12,Shiva Tafari,186.0,28312,Nagasawa,Shiva Tafari Nagasawa,RB
1998-03-13,So,169.0,28313,Kawahara,So Kawahara,DM
1996-04-06,Kohei,176.0,28314,Tezuka,Kohei Tezuka,DM
1992-05-01,Akito,170.0,28316,Fukuta,Akito Fukuta,CM
1987-06-22,Naoyuki,175.0,28317,Fujita,Naoyuki Fujita,CM
1988-09-21,Kentaro,173.0,28318,Moriya,Kentaro Moriya,CM
1997-04-14,Yoichi,177.0,28319,Naganuma,Yoichi Naganuma,RM
1996-07-08,Hikaru,169.0,28320,Nakahara,Hikaru Nakahara,RM
2005-05-07,Keisuke,173.0,28322,Sakaiya,Keisuke Sakaiya,RM
2002-09-17,Ryonosuke,171.0,28323,Kabayama,Ryonosuke Kabayama,LM
1992-12-13,Yuki,168.0,28325,Horigome,Yuki Horigome,AM
2002-10-16,Shota,167.0,28326,Hino,Shota Hino,AM
1993-08-10,Cayman,178.0,28328,Togashi,Cayman Togashi,CF
2003-03-04,Ayumu,170.0,28329,Yokoyama,Ayumu Yokoyama,CF
2002-06-08,Marcelo,188.0,28330,Ryan,Marcelo Ryan,CF
1993-02-22,Vinícius,176.0,28331,Araújo,Vinícius Araújo,CF
1999-07-28,Keisuke,188.0,28333,Osako,Keisuke Osako,GK
1991-04-30,Goro,192.0,28335,Kawanami,Goro Kawanami,GK
1996-08-07,Hayato,186.0,28337,Araki,Hayato Araki,RCB
1989-10-02,Sho,177.0,28338,Sasaki,Sho Sasaki,RCB
1988-12-05,Tsukasa,182.0,28339,Shiotani,Tsukasa Shiotani,RCB
2001-01-08,Taichi,184.0,28341,Yamasaki,Taichi Yamasaki,RCB
1993-12-27,Takaaki,177.0,28342,Shichi,Takaaki Shichi,LB
2000-06-27,Shuto,182.0,28343,Nakano,Shuto Nakano,RB
1994-06-06,Gakuto,177.0,28344,Notsuda,Gakuto Notsuda,DM
1999-08-28,Takumu,183.0,28345,Kawamura,Takumu Kawamura,DM
1998-08-22,Taishi,180.0,28346,Matsumoto,Taishi Matsumoto,DM
2001-12-11,Kohei,182.0,28349,Hosoya,Kohei Hosoya,DM
2006-04-22,Yotaro,175.0,28350,Nakajima,Yotaro Nakajima,CM
1991-07-20,Yusuke,166.0,28351,Chajima,Yusuke Chajima,RM
2004-04-03,Sota,181.0,28352,Koshimichi,Sota Koshimichi,RM
2000-07-28,Shunki,180.0,28353,Higashi,Shunki Higashi,LM
1987-07-28,Yoshifumi,168.0,28354,Kashiwa,Yoshifumi Kashiwa,LM
1993-01-19,Marcos,167.0,28355,Júnior,Marcos Júnior,AM
1999-07-20,Makoto,170.0,28356,Mitsuta,Makoto Mitsuta,AM
2000-03-09,Motoki,170.0,28357,Ohara,Motoki Ohara,AM
1998-03-09,Ezequiel,167.0,28358,Santos da Silva,Ezequiel,CF
1993-01-13,Pieros,184.0,28359,Sotiriou,Pieros Sotiriou,CF
1997-08-06,Mutsuki,180.0,28360,Kato,Mutsuki Kato,CF
1996-07-27,Yuki,181.0,28361,Ohashi,Yuki Ohashi,CF
1987-11-12,Douglas,189.0,28362,Vieira,Douglas Vieira,CF
1989-08-27,Daiki,183.0,28363,Tomii,Daiki Tomii,GK
1994-08-16,Hiroki,187.0,28364,Mawatari,Hiroki Mawatari,GK
1999-04-21,Kota,190.0,28365,Sanada,Kota Sanada,GK
1998-09-08,Daiki,182.0,28366,Sugioka,Daiki Sugioka,LCB
1993-11-26,Min Tae,187.0,28368,Kim,Min Tae Kim,RCB
1989-08-17,Kazuki,182.0,28369,Oiwa,Kazuki Oiwa,RCB
1989-08-04,Kazunari,180.0,28370,Ono,Kazunari Ono,LCB
2001-05-28,Naoya,180.0,28372,Takahashi,Naoya Takahashi,RCB
1993-12-07,Yuto,184.0,28374,Suzuki,Yuto Suzuki,RB
1992-06-18,Takuya,175.0,28375,Okamoto,Takuya Okamoto,RB
2002-08-13,Satoshi,175.0,28376,Tanaka,Satoshi Tanaka,DM
2000-04-03,Kohei,174.0,28377,Okuno,Kohei Okuno,DM
1991-05-30,Akimi,173.0,28378,Barada,Akimi Barada,DM
2003-07-12,Junnosuke,180.0,28379,Suzuki,Junnosuke Suzuki,DM
1993-04-22,Kosuke,177.0,28380,Onose,Kosuke Onose,RM
2002-01-20,Taiga,177.0,28381,Hata,Taiga Hata,LM
2001-03-23,Sho,173.0,28382,Fukuda,Sho Fukuda,LM
1989-07-05,Hiroyuki,170.0,28383,Abe,Hiroyuki Abe,AM
2002-09-14,Taiyo,173.0,28384,Hiraoka,Taiyo Hiraoka,AM
1999-07-08,Masaki,176.0,28385,Ikeda,Masaki Ikeda,AM
1990-07-04,Naoki,168.0,28386,Yamada,Naoki Yamada,AM
1991-09-21,Lukian,183.0,28387,Araújo de Almeida,Lukian,CF
1996-04-02,Akira Silvano,175.0,28388,Disaro,Akira Silvano Disaro,CF
2003-07-30,Akito,180.0,28390,Suzuki,Akito Suzuki,CF
2005-07-07,Hisatsugu,170.0,28391,Ishii,Hisatsugu Ishii,CF
1993-04-10,Matheus,190.0,28392,Vidotto,Matheus Vidotto,GK
1996-07-01,Yuya,185.0,28393,Nagasawa,Yuya Nagasawa,GK
1994-10-17,Kaito,186.0,28396,Chida,Kaito Chida,RCB
1999-09-30,Hiroto,181.0,28397,Taniguchi,Hiroto Taniguchi,RCB
1993-05-04,Kohei,183.0,28398,Yamakoshi,Kohei Yamakoshi,RCB
1998-06-09,Naoki,181.0,28399,Hayashi,Naoki Hayashi,RCB
2001-07-19,Yuto,182.0,28401,Yamada,Yuto Yamada,RCB
1995-02-23,Hijiri,171.0,28402,Onaga,Hijiri Onaga,LB
1996-06-24,Yutaro,183.0,28403,Hakamata,Yutaro Hakamata,LB
1996-03-22,Kazuya,172.0,28405,Miyahara,Kazuya Miyahara,RB
1998-08-21,Daiki,174.0,28406,Fukazawa,Daiki Fukazawa,RB
2000-08-08,Koki,167.0,28407,Morita,Koki Morita,DM
2000-08-15,Yuto,188.0,28408,Tsunashima,Yuto Tsunashima,DM
1999-04-05,Tetsuyuki,178.0,28409,Inami,Tetsuyuki Inami,DM
2006-05-18,Joi,185.0,28410,Yamamoto,Joi Yamamoto,DM
2001-10-27,Yuan,172.0,28412,Matsuhashi,Yuan Matsuhashi,LM
2001-05-20,Soma,167.0,28414,Meshino,Soma Meshino,LM
1998-03-28,Tomoya,172.0,28415,Miki,Tomoya Miki,AM
1997-06-16,Kosuke,167.0,28416,Saito,Kosuke Saito,AM
1999-08-16,Hiroto,165.0,28417,Yamami,Hiroto Yamami,LW
2001-07-10,Fuki,181.0,28419,Yamada,Fuki Yamada,RW
2001-09-12,Itsuki,181.0,28420,Someno,Itsuki Someno,CF
1999-09-11,Keito,174.0,28421,Kawamura,Keito Kawamura,CF
2001-02-28,Yudai,185.0,28422,Kimura,Yudai Kimura,CF
2000-09-19,Goki,170.0,28423,Yamada,Goki Yamada,CF
1986-06-18,Shusaku,183.0,28426,Nishikawa,Shusaku Nishikawa,GK
1994-05-12,Ayumi,195.0,28427,Niekawa,Ayumi Niekawa,GK
1992-10-24,Alexander,189.0,28429,Scholz,Alexander Scholz,RCB
1995-01-23,Marius,184.0,28430,Høibråten,Marius Høibråten,LCB
1998-09-10,Yota,183.0,28432,Sato,Yota Sato,RCB
2001-04-27,Ayumu,168.0,28433,Ohata,Ayumu Ohata,LB
1999-02-26,Hirokazu,169.0,28434,Ishihara,Hirokazu Ishihara,RB
1998-08-11,Atsuki,185.0,28435,Ito,Atsuki Ito,DM
2004-07-08,Yota,171.0,28436,Horiuchi,Yota Horiuchi,DM
1988-04-18,Ken,175.0,28437,Iwao,Ken Iwao,CM
1996-10-02,Ryoma,176.0,28438,Watanabe,Ryoma Watanabe,RM
2001-09-15,Hidetoshi,178.0,28439,Takeda,Hidetoshi Takeda,RM
1995-04-19,Takahiro,167.0,28440,Sekine,Takahiro Sekine,LM
1996-10-05,Yoshio,172.0,28442,Koizumi,Yoshio Koizumi,AM
2000-02-09,Kaito,174.0,28443,Yasui,Kaito Yasui,AM
1999-10-21,Ekanit,168.0,28444,Panya,Ekanit Panya,AM
2005-12-05,Jumpei,163.0,28445,Hayakawa,Jumpei Hayakawa,LW
1998-07-23,Tomoaki,170.0,28447,Okubo,Tomoaki Okubo,RW
1993-02-04,Thiago,184.0,28448,Santos Santana,Thiago,CF
1998-01-20,Toshiki,182.0,28450,Takahashi,Toshiki Takahashi,CF
1986-07-31,Shinzo,175.0,28451,Koroki,Shinzo Koroki,CF
1994-09-08,Daiya,191.0,28452,Maekawa,Daiya Maekawa,GK
1997-12-18,Powell Obinna,193.0,28453,Obi,Powell Obinna Obi,GK
1988-11-01,Shota,185.0,28454,Arai,Shota Arai,GK
1994-06-18,Takuya,186.0,28456,Iwanami,Takuya Iwanami,RCB
1997-10-01,Tetsushi,186.0,28457,Yamakawa,Tetsushi Yamakawa,RCB
1996-12-09,Ryuho,188.0,28458,Kikuchi,Ryuho Kikuchi,RCB
1991-01-02,Yuki,173.0,28459,Honda,Yuki Honda,LCB
1991-03-14,Gotoku,176.0,28461,Sakai,Gotoku Sakai,LB
1997-07-10,Ryo,180.0,28462,Hatsuse,Ryo Hatsuse,LB
1996-10-02,Nanasei,173.0,28463,Iino,Nanasei Iino,RB
1995-09-23,Rikuto,176.0,28464,Hirose,Rikuto Hirose,RB
1990-10-06,Hotaru,174.0,28467,Yamaguchi,Hotaru Yamaguchi,DM
1998-05-15,Yuya,175.0,28468,Kuwasaki,Yuya Kuwasaki,DM
1991-10-05,Takahiro,185.0,28469,Ogihara,Takahiro Ogihara,DM
1996-08-23,Yosuke,171.0,28472,Ideguchi,Yosuke Ideguchi,CM
2002-01-06,Kakeru,177.0,28473,Yamauchi,Kakeru Yamauchi,CM
1999-09-17,Daiju,180.0,28475,Sasaki,Daiju Sasaki,AM
1994-03-25,Haruya,171.0,28476,Ide,Haruya Ide,AM
1997-08-05,Yuya,171.0,28477,Nakasaka,Yuya Nakasaka,AM
1995-07-03,Koya,183.0,28478,Yuruki,Koya Yuruki,LW
1997-05-14,Jean,175.0,28479,Patric,Jean Patric,LW
2000-05-26,Taisei,178.0,28481,Miyashiro,Taisei Miyashiro,CF
1990-05-18,Yuya,184.0,28482,Osako,Yuya Osako,CF
1994-10-21,William,192.0,28483,Popp,William Popp,GK
1996-12-05,Fuma,180.0,28484,Shirasaka,Fuma Shirasaka,GK
1995-08-25,Shinnosuke,185.0,28486,Hatanaka,Shinnosuke Hatanaka,RCB
1993-04-27,Carlos Eduardo,184.0,28487,Bendini Giusti,Eduardo,LCB
1997-02-05,Takumi,186.0,28488,Kamijima,Takumi Kamijima,RCB
1989-01-19,Yuki,179.0,28490,Saneto,Yuki Saneto,RCB
2001-11-16,Manato,172.0,28491,Yoshida,Manato Yoshida,RCB
1995-01-15,Katsuya,173.0,28492,Nagato,Katsuya Nagato,LB
2001-09-16,Hijiri,171.0,28493,Kato,Hijiri Kato,LB
1999-04-22,Taiki,180.0,28494,Watanabe,Taiki Watanabe,LB
1999-12-28,Ren,175.0,28495,Kato,Ren Kato,LB
1996-11-06,Yuta,172.0,28496,Koike,Yuta Koike,LB
1995-08-29,Ryuta,170.0,28497,Koike,Ryuta Koike,RB
1993-02-16,Ken,180.0,28498,Matsubara,Ken Matsubara,RB
1994-08-23,Takuya,170.0,28499,Kida,Takuya Kida,DM
1998-10-18,Kota,165.0,28501,Watanabe,Kota Watanabe,CM
2003-08-17,Riku,173.0,28502,Yamane,Riku Yamane,CM
2000-10-09,Keigo,170.0,28503,Sakakibara,Keigo Sakakibara,CM
1998-07-23,Kenta,171.0,28505,Inoue,Kenta Inoue,RM
1991-07-03,Tae Hee,174.0,28506,Nam,Tae Hee Nam,AM
1991-07-19,Jun,175.0,28507,Amano,Jun Amano,AM
1992-05-27,José Élber,170.0,28508,Pimentel da Silva,Élber,LW
1990-02-22,Kota,176.0,28509,Mizunuma,Kota Mizunuma,RW
1998-09-04,Yan Matheus,175.0,28510,Santos Souza,Yan,RW
1992-12-14,Ryo,181.0,28511,Miyaichi,Ryo Miyaichi,RW
1993-09-15,Anderson,185.0,28512,Lopes,Anderson Lopes,CF
2001-11-01,Asahi,179.0,28513,Uenaka,Asahi Uenaka,CF
2000-12-19,Yuhi,177.0,28514,Murakami,Yuhi Murakami,CF
2007-03-02,Joshua,186.0,28528,Stayman,Joshua Stayman,GK
2006-09-19,Alen,177.0,29296,Inoue,Alen Inoue,CF
1995-08-18,Shahab,187.0,29609,Zahedi,Shahab Zahedi,CF
1992-07-28,Radomir,183.0,30514,Milosavljević,Radomir Milosavljević,CM
2005-03-26,Kento,180.0,30537,Shiogai,Kento Shiogai,CF
1996-06-19,Tiago,177.0,30629,Alves,Tiago Alves,LW
1997-09-08,Jun,175.0,31115,Kodama,Jun Kodama,GK
2002-05-06,Hayato,182.0,31130,Inamura,Hayato Inamura,D
